{"5c:c0:a0:ac:54:d0": [121.59110390115448, 31.179444731580993, 6.399999999999704], "5c:c0:a0:ac:54:d1": [121.59111182971931, 31.17946149275976, 6.4], "5c:c0:a0:ac:54:d2": [121.59111028329772, 31.179452892039922, 6.4], "5c:c0:a0:ac:54:d5": [121.59110321131436, 31.17945846389324, 6.4], "98:3f:60:34:fb:b0": [121.59103920413123, 31.179460553629177, 6.39999999999971], "98:3f:60:34:fb:b1": [121.59103924975577, 31.179460590901726, 6.39999999999972], "98:3f:60:34:fb:b2": [121.59103920007699, 31.17946055033682, 6.400000000000201], "98:3f:60:34:fb:b5": [121.59103925141356, 31.17946059211844, 6.399999999999912], "98:3f:60:34:fb:80": [121.59103925141356, 31.17946059211844, 6.399999999999912], "98:3f:60:34:fb:81": [121.59103925141356, 31.17946059211844, 6.399999999999912], "98:3f:60:34:fb:82": [121.59103925141356, 31.17946059211844, 6.399999999999912], "98:3f:60:34:fb:85": [121.59103925141356, 31.17946059211844, 6.399999999999912], "98:3f:60:34:fd:00": [121.5911128230835, 31.179522112836374, 6.186666547475288], "98:3f:60:34:fd:01": [121.59111658644471, 31.179508440202916, 6.400000000000006], "98:3f:60:34:fd:02": [121.59110808665159, 31.179514111071178, 6.3999999999999835], "98:3f:60:34:fd:05": [121.5911126474286, 31.179513320873852, 6.4], "5c:c0:a0:c0:18:70": [121.59115664180854, 31.179555232641064, 6.079996113880388], "5c:c0:a0:c0:18:71": [121.59115664524381, 31.17955523230887, 6.079996114263242], "5c:c0:a0:c0:18:72": [121.59116450330802, 31.179503024837036, 6.0799998886587705], "5c:c0:a0:c0:18:75": [121.59115835074208, 31.17955036079144, 6.109087482334036], "98:3f:60:34:fc:d0": [121.5910303309355, 31.179519110367035, 6.153846283578953], "98:3f:60:34:fc:d1": [121.5910303309355, 31.179519110367035, 6.153846283578953], "98:3f:60:34:fc:d2": [121.5910303309355, 31.179519110367035, 6.153846283578953], "98:3f:60:34:fc:d5": [121.59102917919517, 31.179520418546193, 6.133333449081668], "98:3f:60:34:fb:e0": [121.59095724354582, 31.17951714745487, 6.079999638577594], "98:3f:60:34:fb:e1": [121.59095052060694, 31.17952796260825, 6.0444440487313225], "98:3f:60:34:fb:e2": [121.59095724354582, 31.17951714745487, 6.079999638577594], "98:3f:60:34:fb:e5": [121.59095698704161, 31.179517076253337, 6.079999642777242], "5c:c0:a0:c0:12:10": [121.59098003124451, 31.17953296097808, 6.044444267316366], "5c:c0:a0:c0:12:11": [121.59095393098578, 31.17953196860666, 6.044447454272644], "5c:c0:a0:c0:12:12": [121.5909797319937, 31.179531487645445, 6.079999772622778], "5c:c0:a0:c0:12:15": [121.59090481732179, 31.179559077595265, 6.079999243999654], "5c:c0:a0:c0:15:10": [121.59088139199184, 31.17951775714894, 6.400000942580758], "5c:c0:a0:c0:15:11": [121.59089886766512, 31.179503718727922, 6.39999748841419], "5c:c0:a0:c0:15:12": [121.59088139199184, 31.17951775714894, 6.400000942580758], "5c:c0:a0:c0:15:15": [121.59088139199184, 31.17951775714894, 6.400000942580758], "5c:c0:a0:c0:18:a0": [121.59091184942935, 31.179594229721566, 6.399999999999948], "5c:c0:a0:c0:18:a1": [121.59091084196127, 31.179594962529745, 6.399999999999952], "5c:c0:a0:c0:18:a2": [121.59091184942935, 31.179594229721566, 6.399999999999948], "5c:c0:a0:c0:18:a5": [121.59091208997827, 31.179587831872276, 6.399999999999819], "5c:c0:a0:c0:1d:50": [121.59096622928413, 31.17958156351691, 6.399999999999952], "5c:c0:a0:c0:1d:51": [121.59096153561416, 31.17959607058739, 6.399999999999809], "5c:c0:a0:c0:1d:52": [121.5909576423034, 31.179596914918797, 6.399999999999883], "5c:c0:a0:c0:1d:55": [121.5909518359236, 31.179591707770644, 6.400000000000092], "9c:b2:e8:92:95:b0": [121.59108740445556, 31.17952254433889, 9.244444444444445], "9c:b2:e8:92:95:b1": [121.59103410551322, 31.179524145858526, 9.244444667652434], "9c:b2:e8:92:95:b2": [121.59104620037579, 31.179528456842018, 9.24444480370458], "9c:b2:e8:92:95:b5": [121.59106896342732, 31.17953627787059, 9.2235296958075], "9c:b2:e8:92:86:50": [121.59086682976957, 31.17956327379324, 8.959999308470461], "9c:b2:e8:92:86:51": [121.59086682976957, 31.17956327379324, 8.959999308470461], "9c:b2:e8:92:86:52": [121.59086686977336, 31.179563795937778, 8.959999316641465], "9c:b2:e8:92:86:55": [121.59088234145386, 31.179563915969762, 8.959999641717245], "9c:b2:e8:92:99:70": [121.59103378431203, 31.179503692271943, 9.066658555089983], "9c:b2:e8:92:99:71": [121.59103378431203, 31.179503692271943, 9.066658555089983], "9c:b2:e8:92:99:72": [121.59103378431203, 31.179503692271943, 9.066658555089983], "9c:b2:e8:92:99:75": [121.59103817064029, 31.17950820895924, 9.066665937260096], "64:2c:ac:a2:e5:60": [121.59118525747483, 31.179418464985925, 9.142851661968354], "64:2c:ac:a2:e5:62": [121.59118961768654, 31.179420549148862, 9.142851774581198], "64:2c:ac:a2:e5:64": [121.59118525747483, 31.179418464985925, 9.142851661968354], "64:2c:ac:a2:e5:65": [121.59118525747483, 31.179418464985925, 9.142851661968354], "9c:b2:e8:92:98:b0": [121.5910889982764, 31.179520347921795, 9.60000000000002], "9c:b2:e8:92:98:b1": [121.59109324819238, 31.179520194420405, 9.600000000000026], "9c:b2:e8:92:98:b2": [121.59109234672232, 31.17951894312185, 9.599999999999804], "9c:b2:e8:92:98:b5": [121.59109234672232, 31.17951894312185, 9.599999999999804], "9c:b2:e8:92:70:c0": [121.59114526390081, 31.179518143608266, 9.600000000000014], "9c:b2:e8:92:70:c1": [121.59115164561301, 31.179510834911632, 9.599999999999998], "9c:b2:e8:92:70:c2": [121.59115681538002, 31.17951644750945, 9.600000000000007], "9c:b2:e8:92:70:c5": [121.59115194536501, 31.17951074784209, 9.59999999999987], "9c:b2:e8:92:8f:20": [121.59115194536501, 31.17951074784209, 9.59999999999987], "9c:b2:e8:92:8f:21": [121.59115194536501, 31.17951074784209, 9.59999999999987], "9c:b2:e8:92:8f:22": [121.59115194536501, 31.17951074784209, 9.59999999999987], "9c:b2:e8:92:8f:25": [121.59115194536501, 31.17951074784209, 9.59999999999987], "64:2c:ac:a2:de:20": [121.59115194536501, 31.17951074784209, 9.59999999999987], "64:2c:ac:a2:de:22": [121.59115194536501, 31.17951074784209, 9.59999999999987], "64:2c:ac:a2:de:24": [121.59115194536501, 31.17951074784209, 9.59999999999987], "64:2c:ac:a2:de:25": [121.59115194536501, 31.17951074784209, 9.59999999999987], "9c:b2:e8:92:94:60": [121.59122107310527, 31.179498852864963, 9.600000000000065], "9c:b2:e8:92:94:61": [121.59122209623263, 31.179502509260384, 9.600000000000517], "9c:b2:e8:92:94:62": [121.59122172470589, 31.179504437349298, 9.600000000000467], "9c:b2:e8:92:94:65": [121.59122172470589, 31.179504437349298, 9.600000000000467], "9c:b2:e8:92:94:90": [121.59122172470589, 31.179504437349298, 9.600000000000467], "9c:b2:e8:92:94:91": [121.59122172470589, 31.179504437349298, 9.600000000000467], "9c:b2:e8:92:94:92": [121.59122172470589, 31.179504437349298, 9.600000000000467], "9c:b2:e8:92:94:95": [121.59122172470589, 31.179504437349298, 9.600000000000467]}