{
  "Mars_01": [31.179473, 121.5910687],
  "Mars_02": [31.1794597, 121.5909808],
  "office_01": [31.1796321, 121.5908949],
  "offcie_02": [31.1795669, 121.5909576],
  "corrior_01": [31.1795469, 121.5907763],
  "combined_data_20250318_211851": [31.179448, 121.5911275],
  "95": [31.1794672, 121.5910973],
  "96": [31.179534, 121.5909914],
  "97": [31.1794604, 121.5910834]
}